{
    "loss": 3.1004254817962646,
    "accuracy": 0.8275862336158752
}