{
    "loss": 1.31689453125,
    "accuracy": 0.9396551847457886
}