{
    "loss": 1.9081028699874878,
    "accuracy": 0.9137930870056152
}